,0
0,hsa-miR-1286
1,hsa-miR-766-5p
2,hsa-miR-602
3,hsa-miR-155-5p
4,hsa-miR-4258
5,hsa-miR-942-5p
6,hsa-miR-579-3p
7,hsa-miR-365a-3p
8,hsa-miR-28-3p
9,hsa-miR-6838-5p
10,hsa-miR-592
11,hsa-miR-5590-3p
12,hsa-miR-514a-5p
13,hsa-miR-513c-5p
14,hsa-miR-1193
15,hsa-miR-374a-5p
16,hsa-miR-4270
17,hsa-miR-526b-3p
18,hsa-miR-627-5p
19,hsa-miR-3944-3p
20,hsa-miR-1180-5p
21,hsa-miR-630
22,hsa-miR-4782-3p
23,hsa-miR-4532
24,hsa-miR-9-3p
25,hsa-miR-2467-3p
26,hsa-miR-1323
27,hsa-miR-378h
28,hsa-miR-5010-5p
29,hsa-miR-331-3p
30,hsa-miR-433-3p
31,hsa-miR-588
32,hsa-miR-18b-5p
33,hsa-miR-150-5p
34,hsa-miR-211-5p
35,hsa-miR-4496
36,hsa-miR-558
37,hsa-miR-3622b-5p
38,hsa-miR-1224-5p
39,hsa-miR-648
40,hsa-miR-512-3p
41,hsa-miR-377-3p
42,hsa-miR-941
43,hsa-miR-214-3p
44,hsa-miR-3614-5p
45,hsa-miR-519c-3p
46,hsa-miR-1253
47,hsa-miR-145-5p
48,hsa-miR-802
49,hsa-miR-519a-3p
50,hsa-miR-24-3p
51,hsa-miR-23b-3p
52,hsa-miR-212-3p
53,hsa-miR-324-3p
54,hsa-miR-217
55,hsa-miR-764
56,hsa-miR-454-3p
57,hsa-miR-566
58,hsa-miR-302d-3p
59,hsa-miR-22-3p
60,hsa-miR-520e
61,hsa-miR-6738-5p
62,hsa-miR-584-5p
63,hsa-miR-548ac
64,hsa-miR-6875-5p
65,hsa-miR-345-3p
66,hsa-miR-488-3p
67,hsa-miR-325
68,hsa-miR-7151-5p
69,hsa-miR-483-5p
70,hsa-miR-98-5p
71,hsa-miR-499b-5p
72,hsa-miR-4489
73,hsa-miR-2682-5p
74,hsa-miR-342-3p
75,hsa-miR-136-5p
76,hsa-miR-582-5p
77,hsa-miR-3140-3p
78,hsa-miR-487b-3p
79,hsa-miR-204-5p
80,hsa-miR-1972
81,hsa-miR-1294
82,hsa-miR-614
83,hsa-miR-523-5p
84,hsa-miR-545-3p
85,hsa-miR-6807-3p
86,hsa-miR-5194
87,hsa-miR-580-3p
88,hsa-miR-2114-5p
89,hsa-miR-144-3p
90,hsa-miR-129-1-3p
91,hsa-miR-23a-3p
92,hsa-miR-7-5p
93,hsa-miR-1254
94,hsa-miR-3064-5p
95,hsa-miR-944
96,hsa-miR-514b-3p
97,hsa-miR-363-3p
98,hsa-miR-4295
99,hsa-miR-16-5p
100,hsa-miR-1825
101,hsa-miR-3135b
102,hsa-miR-4319
103,hsa-miR-605-3p
104,hsa-miR-4524a-5p
105,hsa-miR-337-3p
106,hsa-miR-1270
107,hsa-miR-30a-5p
108,hsa-miR-744-5p
109,hsa-miR-1306-5p
110,hsa-miR-887-3p
111,hsa-miR-373-3p
112,hsa-miR-526b-5p
113,hsa-miR-604
114,hsa-miR-210-3p
115,hsa-miR-451a
116,hsa-miR-655-3p
117,hsa-miR-1244
118,hsa-miR-874-3p
119,hsa-miR-574-5p
120,hsa-miR-3184-5p
121,hsa-miR-10b-5p
122,hsa-miR-190a-5p
123,hsa-miR-539-3p
124,hsa-miR-6087
125,hsa-miR-4282
126,hsa-miR-132-5p
127,hsa-miR-1284
128,hsa-miR-455-3p
129,hsa-miR-934
130,hsa-miR-380-3p
131,hsa-miR-3194-5p
132,hsa-miR-4662a-5p
133,hsa-miR-573
134,hsa-miR-151b
135,hsa-miR-20b-5p
136,hsa-miR-375
137,hsa-miR-200c-3p
138,hsa-miR-520g-3p
139,hsa-miR-335-5p
140,hsa-miR-762
141,hsa-miR-518a-3p
142,hsa-miR-3681-3p
143,hsa-miR-186-5p
144,hsa-miR-216a-3p
145,hsa-miR-664b-3p
146,hsa-miR-660-5p
147,hsa-miR-3163
148,hsa-miR-33a-5p
149,hsa-miR-135a-5p
150,hsa-miR-491-5p
151,hsa-miR-595
152,hsa-miR-1179
153,hsa-miR-205-5p
154,hsa-miR-324-5p
155,hsa-miR-603
156,hsa-miR-27a-3p
157,hsa-miR-4761-3p
158,hsa-miR-922
159,hsa-miR-518d-3p
160,hsa-miR-601
161,hsa-miR-3690
162,hsa-miR-6086
163,hsa-miR-492
164,hsa-miR-219a-5p
165,hsa-miR-140-3p
166,hsa-miR-513b-5p
167,hsa-miR-4521
168,hsa-miR-2115-3p
169,hsa-miR-423-3p
170,hsa-miR-1260a
171,hsa-miR-5000-3p
172,hsa-miR-518f-3p
173,hsa-miR-1283
174,hsa-miR-657
175,hsa-miR-3617-5p
176,hsa-miR-520c-3p
177,hsa-miR-3200-5p
178,hsa-miR-5581-3p
179,hsa-miR-4497
180,hsa-miR-4465
181,hsa-miR-215-5p
182,hsa-miR-340-5p
183,hsa-miR-2114-3p
184,hsa-miR-6820-3p
185,hsa-miR-4458
186,hsa-miR-378g
187,hsa-miR-3622a-5p
188,hsa-miR-1-3p
189,hsa-miR-519d-3p
190,hsa-miR-3612
191,hsa-miR-483-3p
192,hsa-miR-542-3p
193,hsa-miR-626
194,hsa-miR-376a-3p
195,hsa-miR-620
196,hsa-miR-618
197,hsa-miR-622
198,hsa-miR-302f
199,hsa-miR-670-5p
200,hsa-miR-1277-5p
201,hsa-miR-3610
202,hsa-miR-520c-5p
203,hsa-miR-3651
204,hsa-miR-134-5p
205,hsa-miR-616-3p
206,hsa-miR-3679-5p
207,hsa-miR-489-3p
208,hsa-miR-10a-5p
209,hsa-miR-365b-3p
210,hsa-miR-892a
211,hsa-miR-466
212,hsa-miR-449c-5p
213,hsa-miR-514a-3p
214,hsa-miR-301b-3p
215,hsa-miR-645
216,hsa-miR-374b-3p
217,hsa-miR-670-3p
218,hsa-miR-410-3p
219,hsa-miR-425-5p
220,hsa-miR-339-5p
221,hsa-miR-4784
222,hsa-miR-1278
223,hsa-miR-6805-3p
224,hsa-miR-3195
225,hsa-miR-494-3p
226,hsa-miR-650
227,hsa-miR-6884-5p
228,hsa-miR-642a-3p
229,hsa-miR-2355-3p
230,hsa-miR-138-5p
231,hsa-miR-4634
232,hsa-miR-520b
233,hsa-miR-224-5p
234,hsa-miR-640
235,hsa-let-7g-5p
236,hsa-miR-5579-3p
237,hsa-miR-487a-3p
238,hsa-miR-1299
239,hsa-miR-4463
240,hsa-miR-1269a
241,hsa-miR-125a-5p
242,hsa-miR-151a-5p
243,hsa-miR-1231
244,hsa-miR-3194-3p
245,hsa-miR-514b-5p
246,hsa-miR-367-3p
247,hsa-miR-1297
248,hsa-miR-30c-5p
249,hsa-miR-516a-5p
250,hsa-miR-6835-3p
251,hsa-miR-188-5p
252,hsa-miR-28-5p
253,hsa-miR-508-3p
254,hsa-miR-3918
255,hsa-miR-642a-5p
256,hsa-miR-524-5p
257,hsa-miR-429
258,hsa-miR-140-5p
259,hsa-miR-541-3p
260,hsa-miR-600
261,hsa-miR-361-3p
262,hsa-miR-646
263,hsa-miR-940
264,hsa-miR-3909
265,hsa-miR-4518
266,hsa-miR-525-5p
267,hsa-miR-3613-5p
268,hsa-miR-651-5p
269,hsa-miR-4417
270,hsa-miR-297
271,hsa-miR-421
272,hsa-miR-3150b-3p
273,hsa-miR-200b-3p
274,hsa-miR-1305
275,hsa-miR-3611
276,hsa-miR-26b-5p
277,hsa-miR-495-3p
278,hsa-miR-556-3p
279,hsa-miR-493-3p
280,hsa-miR-582-3p
281,hsa-miR-639
282,hsa-miR-19a-3p
283,hsa-miR-4524b-5p
284,hsa-miR-370-3p
285,hsa-miR-5100
286,hsa-miR-362-5p
287,hsa-miR-449b-5p
288,hsa-miR-518e-5p
289,hsa-miR-873-3p
290,hsa-miR-3658
291,hsa-miR-181d-5p
292,hsa-miR-93-5p
293,hsa-miR-3142
294,hsa-miR-656-3p
295,hsa-miR-191-5p
296,hsa-miR-1275
297,hsa-miR-671-5p
298,hsa-miR-384
299,hsa-miR-320e
300,hsa-miR-216b-5p
301,hsa-miR-520d-3p
302,hsa-miR-1273c
303,hsa-miR-3179
304,hsa-miR-92a-3p
305,hsa-miR-4726-5p
306,hsa-miR-1908-5p
307,hsa-miR-642b-3p
308,hsa-miR-296-5p
309,hsa-miR-29a-3p
310,hsa-miR-571
311,hsa-miR-18a-5p
312,hsa-miR-130b-3p
313,hsa-miR-130a-5p
314,hsa-miR-675-3p
315,hsa-miR-6509-5p
316,hsa-miR-196b-5p
317,hsa-miR-519e-5p
318,hsa-miR-106b-5p
319,hsa-miR-3180
320,hsa-miR-497-5p
321,hsa-miR-5691
322,hsa-miR-135b-5p
323,hsa-miR-1184
324,hsa-miR-4677-3p
325,hsa-miR-423-5p
326,hsa-miR-4317
327,hsa-miR-346
328,hsa-miR-653-5p
329,hsa-miR-378f
330,hsa-miR-548l
331,hsa-miR-654-3p
332,hsa-miR-422a
333,hsa-miR-29c-3p
334,hsa-miR-610
335,hsa-miR-641
336,hsa-miR-506-5p
337,hsa-miR-3167
338,hsa-miR-6088
339,hsa-miR-4775
340,hsa-miR-3174
341,hsa-miR-382-5p
342,hsa-miR-148b-3p
343,hsa-miR-152-3p
344,hsa-miR-5095
345,hsa-miR-3145-3p
346,hsa-miR-4766-3p
347,hsa-miR-1197
348,hsa-miR-361-5p
349,hsa-miR-586
350,hsa-miR-4534
351,hsa-miR-199b-5p
352,hsa-miR-661
353,hsa-miR-198
354,hsa-miR-193a-3p
355,hsa-miR-612
356,hsa-miR-125b-5p
357,hsa-miR-149-5p
358,hsa-miR-2909
359,hsa-miR-6763-5p
360,hsa-miR-330-5p
361,hsa-miR-635
362,hsa-miR-625-5p
363,hsa-miR-662
364,hsa-miR-518f-5p
365,hsa-miR-4429
366,hsa-miR-328-3p
367,hsa-miR-6089
368,hsa-miR-34a-5p
369,hsa-miR-1258
370,hsa-miR-4500
371,hsa-miR-214-5p
372,hsa-miR-5047
373,hsa-miR-520h
374,hsa-miR-4644
375,hsa-miR-520a-5p
376,hsa-miR-7853-5p
377,hsa-miR-5009-3p
378,hsa-miR-302c-3p
379,hsa-miR-4436a
380,hsa-miR-431-5p
381,hsa-miR-147a
382,hsa-miR-4513
383,hsa-miR-196a-5p
384,hsa-miR-374c-3p
385,hsa-miR-4703-5p
386,hsa-miR-3139
387,hsa-miR-6783-3p
388,hsa-miR-3926
389,hsa-miR-137
390,hsa-miR-148a-3p
391,hsa-miR-519a-5p
392,hsa-miR-569
393,hsa-miR-624-3p
394,hsa-miR-34b-5p
395,hsa-miR-3178
396,hsa-miR-518d-5p
397,hsa-miR-3666
398,hsa-miR-551a
399,hsa-miR-3164
400,hsa-miR-374b-5p
401,hsa-miR-556-5p
402,hsa-miR-551b-3p
403,hsa-miR-103a-3p
404,hsa-miR-452-5p
405,hsa-miR-154-3p
406,hsa-miR-3619-5p
407,hsa-miR-1245b-5p
408,hsa-miR-1247-5p
409,hsa-miR-3187-3p
410,hsa-miR-6852-3p
411,hsa-miR-613
412,hsa-miR-330-3p
413,hsa-miR-493-5p
414,hsa-miR-4298
415,hsa-miR-520d-5p
416,hsa-miR-3121-3p
417,hsa-miR-625-3p
418,hsa-miR-484
419,hsa-miR-381-3p
420,hsa-miR-637
421,hsa-miR-181a-5p
422,hsa-miR-1246
423,hsa-miR-647
424,hsa-miR-183-5p
425,hsa-miR-1185-5p
426,hsa-miR-1264
427,hsa-miR-876-5p
428,hsa-miR-95-3p
429,hsa-miR-144-5p
430,hsa-miR-577
431,hsa-miR-545-5p
432,hsa-miR-3149
433,hsa-miR-146a-5p
434,hsa-miR-770-5p
435,hsa-miR-3908
436,hsa-miR-193a-5p
437,hsa-miR-6799-3p
438,hsa-miR-338-3p
439,hsa-miR-2110
440,hsa-miR-130a-3p
441,hsa-miR-543
442,hsa-miR-216a-5p
443,hsa-miR-532-5p
444,hsa-miR-3605-5p
445,hsa-miR-3942-5p
446,hsa-miR-519c-5p
447,hsa-miR-1303
448,hsa-miR-572
449,hsa-miR-107
450,hsa-miR-3689d
451,hsa-miR-133a-3p
452,hsa-miR-520a-3p
453,hsa-miR-760
454,hsa-miR-4293
455,hsa-let-7f-5p
456,hsa-miR-3200-3p
457,hsa-miR-654-5p
458,hsa-miR-326
459,hsa-miR-4701-5p
460,hsa-miR-509-3p
461,hsa-miR-192-5p
462,hsa-miR-1276
463,hsa-miR-4525
464,hsa-miR-3182
465,hsa-miR-548p
466,hsa-miR-4530
467,hsa-miR-4306
468,hsa-miR-5094
469,hsa-miR-7153-5p
470,hsa-miR-3118
471,hsa-miR-126-5p
472,hsa-miR-25-3p
473,hsa-miR-5091
474,hsa-miR-224-3p
475,hsa-miR-636
476,hsa-miR-765
477,hsa-miR-3126-5p
478,hsa-miR-575
479,hsa-miR-2355-5p
480,hsa-let-7d-5p
481,hsa-miR-29b-3p
482,hsa-miR-7641
483,hsa-miR-3148
484,hsa-miR-892b
485,hsa-miR-378e
486,hsa-miR-202-5p
487,hsa-miR-541-5p
488,hsa-miR-1913
489,hsa-miR-302b-3p
490,hsa-miR-6746-5p
491,hsa-miR-877-5p
492,hsa-miR-567
493,hsa-miR-2861
494,hsa-miR-943
495,hsa-miR-596
496,hsa-miR-206
497,hsa-miR-455-5p
498,hsa-miR-4284
499,hsa-miR-1251-5p
500,hsa-miR-544b
501,hsa-miR-3173-5p
502,hsa-miR-3196
503,hsa-miR-190b
504,hsa-miR-362-3p
505,hsa-miR-100-5p
506,hsa-miR-181c-5p
507,hsa-miR-193b-3p
508,hsa-miR-1343-3p
509,hsa-miR-31-5p
510,hsa-miR-6124
511,hsa-miR-301a-3p
512,hsa-miR-599
513,hsa-miR-4712-5p
514,hsa-miR-101-3p
515,hsa-miR-15a-5p
516,hsa-miR-409-3p
517,hsa-miR-99b-5p
518,hsa-miR-6816-5p
519,hsa-miR-151a-3p
520,hsa-miR-7114-3p
521,hsa-miR-181b-5p
522,hsa-miR-299-3p
523,hsa-miR-665
524,hsa-miR-128-3p
525,hsa-miR-5692b
526,hsa-miR-33b-5p
527,hsa-miR-371a-5p
528,hsa-miR-1266-3p
529,hsa-miR-1202
530,hsa-miR-124-3p
531,hsa-miR-1296-5p
532,hsa-miR-3960
533,hsa-miR-142-5p
534,hsa-miR-378d
535,hsa-miR-302a-3p
536,hsa-miR-320b
537,hsa-miR-320c
538,hsa-miR-1291
539,hsa-miR-6849-5p
540,hsa-miR-581
541,hsa-miR-320d
542,hsa-miR-7706
543,hsa-miR-4508
544,hsa-miR-1324
545,hsa-miR-4731-5p
546,hsa-miR-30b-5p
547,hsa-miR-4640-5p
548,hsa-miR-299-5p
549,hsa-miR-4286
550,hsa-miR-34c-5p
551,hsa-miR-6504-5p
552,hsa-miR-486-5p
553,hsa-miR-329-3p
554,hsa-miR-3127-5p
555,hsa-miR-496
556,hsa-miR-6823-3p
557,hsa-miR-19b-3p
558,hsa-miR-638
559,hsa-miR-519b-3p
560,hsa-miR-139-5p
561,hsa-miR-663a
562,hsa-miR-4756-5p
563,hsa-miR-143-3p
564,hsa-miR-526a
565,hsa-miR-129-2-3p
566,hsa-miR-411-5p
567,hsa-miR-4443
568,hsa-miR-339-3p
569,hsa-miR-3945
570,hsa-miR-4511
571,hsa-miR-92b-3p
572,hsa-miR-298
573,hsa-miR-133b
574,hsa-miR-27b-3p
575,hsa-miR-1277-3p
576,hsa-miR-378b
577,hsa-miR-1269b
578,hsa-miR-1260b
579,hsa-miR-1281
580,hsa-miR-218-5p
581,hsa-miR-500a-3p
582,hsa-miR-608
583,hsa-miR-589-5p
584,hsa-miR-485-3p
585,hsa-miR-219a-2-3p
586,hsa-miR-498
587,hsa-miR-376b-3p
588,hsa-miR-194-5p
589,hsa-miR-17-5p
590,hsa-miR-519b-5p
591,hsa-miR-718
592,hsa-miR-5195-3p
593,hsa-miR-1252-5p
594,hsa-miR-892c-5p
595,hsa-miR-3171
596,hsa-miR-99a-5p
597,hsa-miR-1301-3p
598,hsa-miR-552-5p
599,hsa-miR-30e-5p
600,hsa-miR-3150a-3p
601,hsa-miR-26a-5p
602,hsa-miR-506-3p
603,hsa-miR-1271-5p
604,hsa-miR-96-5p
605,hsa-miR-154-5p
606,hsa-miR-184
607,hsa-miR-2681-3p
608,hsa-miR-516b-5p
609,hsa-miR-5688
610,hsa-miR-424-5p
611,hsa-miR-32-5p
612,hsa-miR-1290
613,hsa-miR-142-3p
614,hsa-miR-1287-5p
615,hsa-miR-4424
616,hsa-miR-4676-3p
617,hsa-miR-490-3p
618,hsa-miR-2116-3p
619,hsa-miR-323b-3p
620,hsa-miR-382-3p
621,hsa-miR-548o-3p
622,hsa-miR-3180-3p
623,hsa-miR-374a-3p
624,hsa-miR-515-5p
625,hsa-miR-761
626,hsa-miR-197-3p
627,hsa-miR-195-5p
628,hsa-miR-182-5p
629,hsa-let-7b-5p
630,hsa-miR-892c-3p
631,hsa-miR-500b-5p
632,hsa-miR-561-5p
633,hsa-miR-587
634,hsa-miR-3131
635,hsa-miR-522-3p
636,hsa-miR-935
637,hsa-miR-676-3p
638,hsa-miR-21-5p
639,hsa-miR-532-3p
640,hsa-miR-544a
641,hsa-miR-6866-3p
642,hsa-miR-372-3p
643,hsa-miR-590-5p
644,hsa-miR-345-5p
645,hsa-miR-758-3p
646,hsa-miR-374c-5p
647,hsa-miR-1268a
648,hsa-miR-873-5p
649,hsa-miR-5586-5p
650,hsa-miR-320a
651,hsa-miR-4761-5p
652,hsa-miR-4478
653,hsa-miR-432-5p
654,hsa-miR-3681-5p
655,hsa-miR-522-5p
656,hsa-miR-378a-3p
657,hsa-miR-4637
658,hsa-miR-30d-5p
659,hsa-miR-4739
660,hsa-miR-889-3p
661,hsa-let-7i-5p
662,hsa-miR-323a-3p
663,hsa-miR-938
664,hsa-miR-485-5p
665,hsa-miR-122-5p
666,hsa-miR-552-3p
667,hsa-miR-132-3p
668,hsa-miR-7702
669,hsa-miR-510-5p
670,hsa-miR-576-5p
671,hsa-miR-6766-3p
672,hsa-miR-708-5p
673,hsa-miR-409-5p
674,hsa-miR-4735-3p
675,hsa-miR-20a-5p
676,hsa-miR-1248
677,hsa-miR-146b-5p
678,hsa-miR-520f-3p
679,hsa-miR-4770
680,hsa-miR-451b
681,hsa-miR-129-5p
682,hsa-miR-23c
683,hsa-miR-4301
684,hsa-miR-6720-5p
685,hsa-miR-449a
686,hsa-miR-212-5p
687,hsa-miR-1914-3p
688,hsa-miR-450b-5p
689,hsa-miR-141-3p
690,hsa-miR-4262
691,hsa-let-7c-5p
692,hsa-miR-6787-5p
693,hsa-miR-518c-3p
694,hsa-miR-885-5p
695,hsa-miR-4467
696,hsa-miR-4766-5p
697,hsa-miR-2278
698,hsa-miR-6893-3p
699,hsa-miR-200a-3p
700,hsa-miR-1827
701,hsa-miR-499a-5p
702,hsa-miR-4454
703,hsa-miR-448
704,hsa-miR-6509-3p
705,hsa-miR-5687
706,hsa-miR-106a-5p
707,hsa-miR-1321
708,hsa-miR-668-3p
709,hsa-miR-513a-5p
710,hsa-let-7e-5p
711,hsa-miR-518b
712,hsa-miR-557
713,hsa-miR-296-3p
714,hsa-miR-153-3p
715,hsa-miR-6746-3p
716,hsa-miR-185-5p
717,hsa-miR-105-5p
718,hsa-miR-369-3p
719,hsa-miR-527
720,hsa-let-7a-5p
721,hsa-miR-302e
722,hsa-miR-15b-5p
723,hsa-miR-199a-5p
724,hsa-miR-505-3p
725,hsa-miR-511-3p
726,hsa-miR-4428
727,hsa-miR-888-5p
728,hsa-miR-4469
729,hsa-miR-147b
730,hsa-miR-378i
731,hsa-miR-3941
732,hsa-miR-378c
733,hsa-miR-5096
734,hsa-miR-6512-3p
735,hsa-miR-628-5p
736,hsa-miR-9-5p
737,hsa-miR-300
